"block","animal_ID","lid_TP1","block_label"
"1","1",0.918,"PRE"
"1","1",1.103,"PRE"
"1","1",1.133,"PRE"
"1","1",1.187,"PRE"
"1","1",1.065,"PRE"
"1","1",1.046,"PRE"
"1","1",1.019,"PRE"
"1","1",0.973,"PRE"
"1","1",0.969,"PRE"
"1","1",1.006,"PRE"
"1","1",1.048,"PRE"
"1","1",1.062,"PRE"
"1","1",1.092,"PRE"
"1","1",1.095,"PRE"
"1","1",1.031,"PRE"
"1","1",0.996,"PRE"
"1","1",1.052,"PRE"
"1","1",1.205,"PRE"
"1","1",1.014,"PRE"
"1","1",1.06,"PRE"
"1","1",1.101,"PRE"
"1","1",1.016,"PRE"
"1","1",0.997,"PRE"
"1","1",0.94,"PRE"
"1","1",1.003,"PRE"
"1","1",1.05,"PRE"
"1","1",1.036,"PRE"
"1","1",1.049,"PRE"
"3","1",1.02,"TEST_81_100"
"3","1",1.023,"TEST_81_100"
"3","1",0.997,"TEST_81_100"
"3","1",0.992,"TEST_81_100"
"3","1",1.242,"TEST_81_100"
"3","1",1.246,"TEST_81_100"
"3","1",1.118,"TEST_81_100"
"3","1",0.936,"TEST_81_100"
"3","1",1.093,"TEST_81_100"
"3","1",1.113,"TEST_81_100"
"3","1",0.99,"TEST_81_100"
"3","1",1.471,"TEST_81_100"
"3","1",1.004,"TEST_81_100"
"3","1",1.132,"TEST_81_100"
"3","1",1.03,"TEST_81_100"
"3","1",1.007,"TEST_81_100"
"3","1",1.18,"TEST_81_100"
"4","1",1.054,"TEST_101_120"
"4","1",1.003,"TEST_101_120"
"4","1",1.159,"TEST_101_120"
"4","1",1.051,"TEST_101_120"
"4","1",1.075,"TEST_101_120"
"4","1",1.037,"TEST_101_120"
"4","1",1.026,"TEST_101_120"
"4","1",1.015,"TEST_101_120"
"4","1",1.089,"TEST_101_120"
"4","1",1.171,"TEST_101_120"
"4","1",1.034,"TEST_101_120"
"4","1",1.004,"TEST_101_120"
"4","1",1.003,"TEST_101_120"
"4","1",1.004,"TEST_101_120"
"4","1",1.019,"TEST_101_120"
"4","1",1.047,"TEST_101_120"
"4","1",1.008,"TEST_101_120"
"4","1",1.08,"TEST_101_120"
"4","1",1.128,"TEST_101_120"
"4","1",0.985,"TEST_101_120"
"5","1",0.988,"TEST_121_140"
"5","1",1.013,"TEST_121_140"
"5","1",0.945,"TEST_121_140"
"5","1",1.044,"TEST_121_140"
"5","1",1.007,"TEST_121_140"
"5","1",1.037,"TEST_121_140"
"5","1",0.986,"TEST_121_140"
"5","1",1.036,"TEST_121_140"
"5","1",0.898,"TEST_121_140"
"5","1",1.11,"TEST_121_140"
"5","1",1.339,"TEST_121_140"
"5","1",1.08,"TEST_121_140"
"5","1",1.018,"TEST_121_140"
"5","1",0.949,"TEST_121_140"
"5","1",1.071,"TEST_121_140"
"5","1",0.932,"TEST_121_140"
"5","1",0.995,"TEST_121_140"
"5","1",0.996,"TEST_121_140"
"5","1",0.99,"TEST_121_140"
"6","1",0.993,"TEST_141_160"
"6","1",1.085,"TEST_141_160"
"6","1",0.998,"TEST_141_160"
"6","1",1.095,"TEST_141_160"
"6","1",0.958,"TEST_141_160"
"6","1",1.016,"TEST_141_160"
"6","1",1.364,"TEST_141_160"
"6","1",0.964,"TEST_141_160"
"6","1",1.039,"TEST_141_160"
"6","1",1.173,"TEST_141_160"
"6","1",1.039,"TEST_141_160"
"6","1",1.049,"TEST_141_160"
"6","1",1.146,"TEST_141_160"
"6","1",0.963,"TEST_141_160"
"6","1",1.1,"TEST_141_160"
"6","1",0.944,"TEST_141_160"
"6","1",1.182,"TEST_141_160"
"6","1",1.075,"TEST_141_160"
"1","2",0.997,"PRE"
"1","2",1.017,"PRE"
"1","2",1.047,"PRE"
"1","2",1.094,"PRE"
"1","2",1.012,"PRE"
"1","2",1.038,"PRE"
"1","2",1.046,"PRE"
"1","2",1.025,"PRE"
"1","2",1.113,"PRE"
"1","2",1.016,"PRE"
"1","2",1.009,"PRE"
"1","2",1.018,"PRE"
"1","2",1.034,"PRE"
"1","2",1.017,"PRE"
"1","2",0.996,"PRE"
"1","2",1.028,"PRE"
"1","2",1.083,"PRE"
"1","2",1.052,"PRE"
"1","2",1.059,"PRE"
"1","2",0.993,"PRE"
"1","2",1.043,"PRE"
"1","2",0.906,"PRE"
"1","2",1.156,"PRE"
"1","2",1.032,"PRE"
"1","2",1.098,"PRE"
"1","2",1.063,"PRE"
"1","2",1.326,"PRE"
"1","2",0.989,"PRE"
"1","2",1.038,"PRE"
"1","2",1.021,"PRE"
"3","2",1.023,"TEST_81_100"
"3","2",1.023,"TEST_81_100"
"3","2",1.063,"TEST_81_100"
"3","2",1.068,"TEST_81_100"
"3","2",1.013,"TEST_81_100"
"3","2",1.001,"TEST_81_100"
"3","2",1.02,"TEST_81_100"
"3","2",0.985,"TEST_81_100"
"3","2",1,"TEST_81_100"
"3","2",1.025,"TEST_81_100"
"3","2",1.01,"TEST_81_100"
"3","2",0.972,"TEST_81_100"
"3","2",1.062,"TEST_81_100"
"3","2",0.999,"TEST_81_100"
"3","2",1.062,"TEST_81_100"
"3","2",1.518,"TEST_81_100"
"3","2",1.75,"TEST_81_100"
"3","2",1.037,"TEST_81_100"
"3","2",1.167,"TEST_81_100"
"4","2",1.063,"TEST_101_120"
"4","2",1.084,"TEST_101_120"
"4","2",1.077,"TEST_101_120"
"4","2",1.265,"TEST_101_120"
"4","2",1.177,"TEST_101_120"
"4","2",1.055,"TEST_101_120"
"4","2",0.949,"TEST_101_120"
"4","2",1.14,"TEST_101_120"
"4","2",1.025,"TEST_101_120"
"4","2",1.096,"TEST_101_120"
"4","2",1.033,"TEST_101_120"
"4","2",1.016,"TEST_101_120"
"4","2",1.079,"TEST_101_120"
"4","2",1.047,"TEST_101_120"
"4","2",0.996,"TEST_101_120"
"4","2",1.045,"TEST_101_120"
"4","2",0.981,"TEST_101_120"
"5","2",1.041,"TEST_121_140"
"5","2",1.016,"TEST_121_140"
"5","2",1.02,"TEST_121_140"
"5","2",1.107,"TEST_121_140"
"5","2",1.133,"TEST_121_140"
"5","2",1.025,"TEST_121_140"
"5","2",1.079,"TEST_121_140"
"5","2",1.433,"TEST_121_140"
"5","2",1.028,"TEST_121_140"
"5","2",1.067,"TEST_121_140"
"5","2",0.998,"TEST_121_140"
"5","2",0.988,"TEST_121_140"
"5","2",1,"TEST_121_140"
"5","2",1.011,"TEST_121_140"
"5","2",1.001,"TEST_121_140"
"5","2",1.007,"TEST_121_140"
"5","2",1.004,"TEST_121_140"
"5","2",1.017,"TEST_121_140"
"5","2",1.046,"TEST_121_140"
"6","2",1.006,"TEST_141_160"
"6","2",1.004,"TEST_141_160"
"6","2",0.966,"TEST_141_160"
"6","2",1.018,"TEST_141_160"
"6","2",0.991,"TEST_141_160"
"6","2",1.123,"TEST_141_160"
"6","2",1.023,"TEST_141_160"
"6","2",1.011,"TEST_141_160"
"6","2",1.018,"TEST_141_160"
"6","2",1.003,"TEST_141_160"
"6","2",0.988,"TEST_141_160"
"6","2",1.074,"TEST_141_160"
"6","2",1.167,"TEST_141_160"
"6","2",0.962,"TEST_141_160"
"6","2",1.109,"TEST_141_160"
"6","2",1.003,"TEST_141_160"
"6","2",1.002,"TEST_141_160"
"6","2",0.983,"TEST_141_160"
"6","2",1.014,"TEST_141_160"
"1","3",1.044,"PRE"
"1","3",1,"PRE"
"1","3",1.01,"PRE"
"1","3",1.009,"PRE"
"1","3",1.042,"PRE"
"1","3",1.029,"PRE"
"1","3",0.968,"PRE"
"1","3",1.01,"PRE"
"1","3",0.965,"PRE"
"1","3",1.117,"PRE"
"1","3",0.954,"PRE"
"1","3",0.991,"PRE"
"1","3",0.979,"PRE"
"1","3",1.009,"PRE"
"1","3",1.029,"PRE"
"1","3",1.012,"PRE"
"1","3",0.996,"PRE"
"1","3",1.03,"PRE"
"1","3",0.992,"PRE"
"1","3",1.008,"PRE"
"1","3",1.011,"PRE"
"1","3",0.966,"PRE"
"1","3",1.056,"PRE"
"1","3",1.034,"PRE"
"1","3",0.997,"PRE"
"1","3",0.956,"PRE"
"1","3",1.06,"PRE"
"1","3",1.012,"PRE"
"1","3",1.038,"PRE"
"3","3",0.989,"TEST_81_100"
"3","3",1.009,"TEST_81_100"
"3","3",1.004,"TEST_81_100"
"3","3",1.013,"TEST_81_100"
"3","3",1.005,"TEST_81_100"
"3","3",1.054,"TEST_81_100"
"3","3",1.02,"TEST_81_100"
"3","3",1.011,"TEST_81_100"
"3","3",0.998,"TEST_81_100"
"3","3",1.005,"TEST_81_100"
"3","3",1.004,"TEST_81_100"
"3","3",1.027,"TEST_81_100"
"3","3",1.002,"TEST_81_100"
"3","3",0.988,"TEST_81_100"
"3","3",1.015,"TEST_81_100"
"3","3",1.008,"TEST_81_100"
"3","3",0.967,"TEST_81_100"
"3","3",1.014,"TEST_81_100"
"3","3",1.007,"TEST_81_100"
"3","3",0.983,"TEST_81_100"
"4","3",0.988,"TEST_101_120"
"4","3",1.018,"TEST_101_120"
"4","3",0.896,"TEST_101_120"
"4","3",0.99,"TEST_101_120"
"4","3",0.963,"TEST_101_120"
"4","3",1.066,"TEST_101_120"
"4","3",0.966,"TEST_101_120"
"4","3",0.982,"TEST_101_120"
"4","3",1.002,"TEST_101_120"
"4","3",1.014,"TEST_101_120"
"4","3",0.987,"TEST_101_120"
"4","3",1.1,"TEST_101_120"
"4","3",0.958,"TEST_101_120"
"4","3",0.993,"TEST_101_120"
"4","3",1.012,"TEST_101_120"
"4","3",1.035,"TEST_101_120"
"4","3",1.021,"TEST_101_120"
"4","3",0.995,"TEST_101_120"
"4","3",1.004,"TEST_101_120"
"4","3",1.054,"TEST_101_120"
"5","3",0.969,"TEST_121_140"
"5","3",1.015,"TEST_121_140"
"5","3",1.062,"TEST_121_140"
"5","3",0.993,"TEST_121_140"
"5","3",1.014,"TEST_121_140"
"5","3",1.029,"TEST_121_140"
"5","3",1.029,"TEST_121_140"
"5","3",1.003,"TEST_121_140"
"5","3",1.053,"TEST_121_140"
"5","3",1.026,"TEST_121_140"
"5","3",1.049,"TEST_121_140"
"5","3",0.991,"TEST_121_140"
"5","3",0.99,"TEST_121_140"
"5","3",1.111,"TEST_121_140"
"5","3",1.016,"TEST_121_140"
"5","3",1.058,"TEST_121_140"
"5","3",1.069,"TEST_121_140"
"5","3",1.037,"TEST_121_140"
"5","3",1.069,"TEST_121_140"
"6","3",0.987,"TEST_141_160"
"6","3",0.973,"TEST_141_160"
"6","3",0.985,"TEST_141_160"
"6","3",1.024,"TEST_141_160"
"6","3",1.078,"TEST_141_160"
"6","3",1.062,"TEST_141_160"
"6","3",1.047,"TEST_141_160"
"6","3",1.023,"TEST_141_160"
"6","3",1.175,"TEST_141_160"
"6","3",1.045,"TEST_141_160"
"6","3",1.055,"TEST_141_160"
"6","3",0.975,"TEST_141_160"
"6","3",1.006,"TEST_141_160"
"6","3",0.869,"TEST_141_160"
"6","3",1.02,"TEST_141_160"
"6","3",0.988,"TEST_141_160"
"6","3",1.002,"TEST_141_160"
"6","3",1.006,"TEST_141_160"
"6","3",0.946,"TEST_141_160"
"6","3",0.993,"TEST_141_160"
"1","4",1.012,"PRE"
"1","4",0.97,"PRE"
"1","4",0.985,"PRE"
"1","4",1.047,"PRE"
"1","4",1.007,"PRE"
"1","4",0.987,"PRE"
"1","4",1.058,"PRE"
"1","4",1.014,"PRE"
"1","4",1.071,"PRE"
"1","4",0.983,"PRE"
"1","4",1,"PRE"
"1","4",1.111,"PRE"
"1","4",1.035,"PRE"
"1","4",0.98,"PRE"
"1","4",0.97,"PRE"
"1","4",1.038,"PRE"
"1","4",1.179,"PRE"
"1","4",1.002,"PRE"
"1","4",1.031,"PRE"
"1","4",0.95,"PRE"
"1","4",0.993,"PRE"
"1","4",1.063,"PRE"
"1","4",1.023,"PRE"
"1","4",1.019,"PRE"
"1","4",1.035,"PRE"
"1","4",0.95,"PRE"
"1","4",1.021,"PRE"
"1","4",1.139,"PRE"
"1","4",0.991,"PRE"
"1","4",1.037,"PRE"
"3","4",1.16,"TEST_81_100"
"3","4",0.929,"TEST_81_100"
"3","4",0.948,"TEST_81_100"
"3","4",1,"TEST_81_100"
"3","4",0.863,"TEST_81_100"
"3","4",0.982,"TEST_81_100"
"3","4",0.933,"TEST_81_100"
"3","4",0.856,"TEST_81_100"
"3","4",0.898,"TEST_81_100"
"3","4",1.049,"TEST_81_100"
"3","4",1.045,"TEST_81_100"
"3","4",1.135,"TEST_81_100"
"3","4",1.051,"TEST_81_100"
"3","4",1.11,"TEST_81_100"
"3","4",0.89,"TEST_81_100"
"3","4",0.901,"TEST_81_100"
"3","4",1.088,"TEST_81_100"
"3","4",0.856,"TEST_81_100"
"3","4",1.02,"TEST_81_100"
"4","4",1.209,"TEST_101_120"
"4","4",0.965,"TEST_101_120"
"4","4",0.981,"TEST_101_120"
"4","4",1.016,"TEST_101_120"
"4","4",1.043,"TEST_101_120"
"4","4",0.87,"TEST_101_120"
"4","4",0.945,"TEST_101_120"
"4","4",0.993,"TEST_101_120"
"4","4",1.017,"TEST_101_120"
"4","4",0.953,"TEST_101_120"
"4","4",0.965,"TEST_101_120"
"4","4",1.249,"TEST_101_120"
"4","4",0.963,"TEST_101_120"
"4","4",0.92,"TEST_101_120"
"4","4",0.983,"TEST_101_120"
"4","4",0.995,"TEST_101_120"
"4","4",1.087,"TEST_101_120"
"5","4",0.989,"TEST_121_140"
"5","4",0.923,"TEST_121_140"
"5","4",0.99,"TEST_121_140"
"5","4",0.954,"TEST_121_140"
"5","4",0.982,"TEST_121_140"
"5","4",0.966,"TEST_121_140"
"5","4",0.954,"TEST_121_140"
"5","4",0.957,"TEST_121_140"
"5","4",0.989,"TEST_121_140"
"5","4",0.991,"TEST_121_140"
"5","4",0.999,"TEST_121_140"
"5","4",1.086,"TEST_121_140"
"5","4",1.018,"TEST_121_140"
"5","4",1.022,"TEST_121_140"
"5","4",1.074,"TEST_121_140"
"5","4",1.026,"TEST_121_140"
"5","4",0.999,"TEST_121_140"
"5","4",1.079,"TEST_121_140"
"6","4",1.061,"TEST_141_160"
"6","4",1.208,"TEST_141_160"
"6","4",0.914,"TEST_141_160"
"6","4",0.917,"TEST_141_160"
"6","4",0.99,"TEST_141_160"
"6","4",1.125,"TEST_141_160"
"6","4",1.347,"TEST_141_160"
"6","4",1.149,"TEST_141_160"
"6","4",1.136,"TEST_141_160"
"6","4",1.041,"TEST_141_160"
"6","4",0.982,"TEST_141_160"
"6","4",1.039,"TEST_141_160"
"6","4",0.997,"TEST_141_160"
"6","4",1.202,"TEST_141_160"
"6","4",1.415,"TEST_141_160"
"6","4",0.968,"TEST_141_160"
"6","4",1.003,"TEST_141_160"
"6","4",1.092,"TEST_141_160"
"1","5",1.091,"PRE"
"1","5",1.028,"PRE"
"1","5",1.012,"PRE"
"1","5",1.121,"PRE"
"1","5",0.938,"PRE"
"1","5",1.195,"PRE"
"1","5",1.044,"PRE"
"1","5",1.125,"PRE"
"1","5",0.986,"PRE"
"1","5",1.021,"PRE"
"1","5",0.979,"PRE"
"1","5",0.973,"PRE"
"1","5",1.022,"PRE"
"1","5",0.986,"PRE"
"1","5",1.104,"PRE"
"1","5",1.217,"PRE"
"1","5",0.968,"PRE"
"1","5",0.932,"PRE"
"1","5",0.911,"PRE"
"1","5",1.01,"PRE"
"1","5",0.939,"PRE"
"1","5",1.035,"PRE"
"1","5",0.951,"PRE"
"1","5",1.125,"PRE"
"1","5",0.934,"PRE"
"1","5",0.968,"PRE"
"1","5",1.068,"PRE"
"1","5",1.104,"PRE"
"3","5",0.929,"TEST_81_100"
"3","5",0.939,"TEST_81_100"
"3","5",1.029,"TEST_81_100"
"3","5",1,"TEST_81_100"
"3","5",0.965,"TEST_81_100"
"3","5",0.905,"TEST_81_100"
"3","5",1.013,"TEST_81_100"
"3","5",0.842,"TEST_81_100"
"3","5",0.636,"TEST_81_100"
"3","5",0.822,"TEST_81_100"
"3","5",0.998,"TEST_81_100"
"3","5",0.84,"TEST_81_100"
"3","5",1.042,"TEST_81_100"
"3","5",1,"TEST_81_100"
"3","5",1.074,"TEST_81_100"
"3","5",0.886,"TEST_81_100"
"3","5",0.887,"TEST_81_100"
"3","5",0.953,"TEST_81_100"
"3","5",1.157,"TEST_81_100"
"4","5",0.933,"TEST_101_120"
"4","5",0.978,"TEST_101_120"
"4","5",0.948,"TEST_101_120"
"4","5",1.044,"TEST_101_120"
"4","5",0.823,"TEST_101_120"
"4","5",1.037,"TEST_101_120"
"4","5",1.001,"TEST_101_120"
"4","5",1.046,"TEST_101_120"
"4","5",1.001,"TEST_101_120"
"4","5",1.012,"TEST_101_120"
"4","5",0.99,"TEST_101_120"
"4","5",0.817,"TEST_101_120"
"4","5",0.962,"TEST_101_120"
"4","5",0.98,"TEST_101_120"
"4","5",1.161,"TEST_101_120"
"4","5",1.021,"TEST_101_120"
"4","5",1.114,"TEST_101_120"
"4","5",1.037,"TEST_101_120"
"4","5",1.032,"TEST_101_120"
"5","5",1.128,"TEST_121_140"
"5","5",0.79,"TEST_121_140"
"5","5",1.129,"TEST_121_140"
"5","5",1.146,"TEST_121_140"
"5","5",0.886,"TEST_121_140"
"5","5",0.968,"TEST_121_140"
"5","5",0.979,"TEST_121_140"
"5","5",0.952,"TEST_121_140"
"5","5",1.286,"TEST_121_140"
"5","5",1.086,"TEST_121_140"
"5","5",0.479,"TEST_121_140"
"5","5",1.739,"TEST_121_140"
"5","5",1.034,"TEST_121_140"
"5","5",0.856,"TEST_121_140"
"5","5",0.934,"TEST_121_140"
"5","5",1.063,"TEST_121_140"
"6","5",0.818,"TEST_141_160"
"6","5",1.355,"TEST_141_160"
"6","5",0.924,"TEST_141_160"
"6","5",1.055,"TEST_141_160"
"6","5",1.004,"TEST_141_160"
"6","5",1.021,"TEST_141_160"
"6","5",0.865,"TEST_141_160"
"6","5",0.891,"TEST_141_160"
"6","5",1.038,"TEST_141_160"
"6","5",1.002,"TEST_141_160"
"6","5",1.018,"TEST_141_160"
"6","5",1.015,"TEST_141_160"
"6","5",0.99,"TEST_141_160"
"6","5",1.001,"TEST_141_160"
"6","5",0.984,"TEST_141_160"
"6","5",0.998,"TEST_141_160"
"6","5",1.009,"TEST_141_160"
"6","5",1.026,"TEST_141_160"
"1","6",1.028,"PRE"
"1","6",1.02,"PRE"
"1","6",1.054,"PRE"
"1","6",1.051,"PRE"
"1","6",1.046,"PRE"
"1","6",1.073,"PRE"
"1","6",1.125,"PRE"
"1","6",0.995,"PRE"
"1","6",0.979,"PRE"
"1","6",0.989,"PRE"
"1","6",1.015,"PRE"
"1","6",1.003,"PRE"
"1","6",1.014,"PRE"
"1","6",1.012,"PRE"
"1","6",1.014,"PRE"
"1","6",0.912,"PRE"
"1","6",1.12,"PRE"
"1","6",1.066,"PRE"
"1","6",1.033,"PRE"
"1","6",1.082,"PRE"
"1","6",0.944,"PRE"
"1","6",1.096,"PRE"
"1","6",0.926,"PRE"
"1","6",1.002,"PRE"
"1","6",1.077,"PRE"
"1","6",0.973,"PRE"
"1","6",1.054,"PRE"
"1","6",1.05,"PRE"
"1","6",1.057,"PRE"
"1","6",1.054,"PRE"
"3","6",0.773,"TEST_81_100"
"3","6",0.892,"TEST_81_100"
"3","6",0.771,"TEST_81_100"
"3","6",0.961,"TEST_81_100"
"3","6",1.029,"TEST_81_100"
"3","6",0.999,"TEST_81_100"
"3","6",0.983,"TEST_81_100"
"3","6",1.027,"TEST_81_100"
"3","6",0.943,"TEST_81_100"
"3","6",0.955,"TEST_81_100"
"3","6",1.059,"TEST_81_100"
"3","6",1.104,"TEST_81_100"
"3","6",0.931,"TEST_81_100"
"3","6",1.013,"TEST_81_100"
"3","6",0.914,"TEST_81_100"
"3","6",0.948,"TEST_81_100"
"3","6",0.99,"TEST_81_100"
"3","6",1.035,"TEST_81_100"
"3","6",0.992,"TEST_81_100"
"4","6",1.004,"TEST_101_120"
"4","6",0.989,"TEST_101_120"
"4","6",1,"TEST_101_120"
"4","6",1.012,"TEST_101_120"
"4","6",0.993,"TEST_101_120"
"4","6",0.958,"TEST_101_120"
"4","6",1.039,"TEST_101_120"
"4","6",0.951,"TEST_101_120"
"4","6",0.966,"TEST_101_120"
"4","6",0.974,"TEST_101_120"
"4","6",1.041,"TEST_101_120"
"4","6",0.995,"TEST_101_120"
"4","6",1.053,"TEST_101_120"
"4","6",1.001,"TEST_101_120"
"4","6",0.769,"TEST_101_120"
"4","6",0.937,"TEST_101_120"
"4","6",1.038,"TEST_101_120"
"4","6",0.994,"TEST_101_120"
"4","6",0.993,"TEST_101_120"
"4","6",1.016,"TEST_101_120"
"5","6",1.02,"TEST_121_140"
"5","6",1.04,"TEST_121_140"
"5","6",1.014,"TEST_121_140"
"5","6",1.025,"TEST_121_140"
"5","6",0.995,"TEST_121_140"
"5","6",1.032,"TEST_121_140"
"5","6",1.039,"TEST_121_140"
"5","6",1.004,"TEST_121_140"
"5","6",1.009,"TEST_121_140"
"5","6",1.027,"TEST_121_140"
"5","6",1.01,"TEST_121_140"
"5","6",1.038,"TEST_121_140"
"5","6",0.969,"TEST_121_140"
"5","6",1.033,"TEST_121_140"
"5","6",1.001,"TEST_121_140"
"5","6",0.99,"TEST_121_140"
"5","6",1.035,"TEST_121_140"
"5","6",1.01,"TEST_121_140"
"5","6",1.071,"TEST_121_140"
"5","6",1.009,"TEST_121_140"
"6","6",0.958,"TEST_141_160"
"6","6",1.007,"TEST_141_160"
"6","6",1.019,"TEST_141_160"
"6","6",1.005,"TEST_141_160"
"6","6",1.006,"TEST_141_160"
"6","6",0.995,"TEST_141_160"
"6","6",1.018,"TEST_141_160"
"6","6",1.008,"TEST_141_160"
"6","6",0.986,"TEST_141_160"
"6","6",1.011,"TEST_141_160"
"6","6",1.024,"TEST_141_160"
"6","6",1.009,"TEST_141_160"
"6","6",0.997,"TEST_141_160"
"6","6",1.014,"TEST_141_160"
"6","6",1.002,"TEST_141_160"
"6","6",0.991,"TEST_141_160"
"6","6",0.993,"TEST_141_160"
"6","6",0.992,"TEST_141_160"
"6","6",1.025,"TEST_141_160"
"6","6",1.005,"TEST_141_160"
"1","7",1.022,"PRE"
"1","7",0.994,"PRE"
"1","7",1.04,"PRE"
"1","7",1.004,"PRE"
"1","7",0.996,"PRE"
"1","7",0.999,"PRE"
"1","7",1.014,"PRE"
"1","7",1.007,"PRE"
"1","7",0.999,"PRE"
"1","7",1.016,"PRE"
"1","7",1.001,"PRE"
"1","7",1.001,"PRE"
"1","7",0.983,"PRE"
"1","7",1.021,"PRE"
"1","7",1.019,"PRE"
"1","7",0.979,"PRE"
"1","7",1.004,"PRE"
"1","7",1.025,"PRE"
"1","7",1.014,"PRE"
"1","7",1.015,"PRE"
"1","7",1.022,"PRE"
"1","7",1.004,"PRE"
"1","7",1,"PRE"
"1","7",1.007,"PRE"
"1","7",0.997,"PRE"
"1","7",0.996,"PRE"
"1","7",0.972,"PRE"
"1","7",1.001,"PRE"
"3","7",0.859,"TEST_81_100"
"3","7",1,"TEST_81_100"
"3","7",1.033,"TEST_81_100"
"3","7",0.957,"TEST_81_100"
"3","7",0.998,"TEST_81_100"
"3","7",0.997,"TEST_81_100"
"3","7",0.93,"TEST_81_100"
"3","7",0.984,"TEST_81_100"
"3","7",0.911,"TEST_81_100"
"3","7",0.891,"TEST_81_100"
"3","7",1.069,"TEST_81_100"
"3","7",0.984,"TEST_81_100"
"3","7",0.914,"TEST_81_100"
"3","7",0.981,"TEST_81_100"
"3","7",0.915,"TEST_81_100"
"3","7",0.973,"TEST_81_100"
"3","7",1.009,"TEST_81_100"
"3","7",0.912,"TEST_81_100"
"3","7",0.89,"TEST_81_100"
"3","7",1.005,"TEST_81_100"
"4","7",1.021,"TEST_101_120"
"4","7",0.994,"TEST_101_120"
"4","7",1.008,"TEST_101_120"
"4","7",0.956,"TEST_101_120"
"4","7",0.993,"TEST_101_120"
"4","7",0.964,"TEST_101_120"
"4","7",0.987,"TEST_101_120"
"4","7",0.979,"TEST_101_120"
"4","7",1.014,"TEST_101_120"
"4","7",0.968,"TEST_101_120"
"4","7",1.015,"TEST_101_120"
"4","7",0.999,"TEST_101_120"
"4","7",0.93,"TEST_101_120"
"4","7",0.977,"TEST_101_120"
"4","7",1.026,"TEST_101_120"
"4","7",1.037,"TEST_101_120"
"4","7",1.037,"TEST_101_120"
"4","7",1.005,"TEST_101_120"
"4","7",1.067,"TEST_101_120"
"5","7",0.987,"TEST_121_140"
"5","7",1.004,"TEST_121_140"
"5","7",1.005,"TEST_121_140"
"5","7",0.999,"TEST_121_140"
"5","7",1.005,"TEST_121_140"
"5","7",1.006,"TEST_121_140"
"5","7",0.98,"TEST_121_140"
"5","7",1.001,"TEST_121_140"
"5","7",0.996,"TEST_121_140"
"5","7",0.994,"TEST_121_140"
"5","7",1.007,"TEST_121_140"
"5","7",0.984,"TEST_121_140"
"5","7",1.001,"TEST_121_140"
"5","7",1,"TEST_121_140"
"5","7",0.996,"TEST_121_140"
"5","7",1,"TEST_121_140"
"5","7",0.98,"TEST_121_140"
"5","7",1.002,"TEST_121_140"
"5","7",1.005,"TEST_121_140"
"6","7",0.999,"TEST_141_160"
"6","7",1,"TEST_141_160"
"6","7",1.003,"TEST_141_160"
"6","7",0.993,"TEST_141_160"
"6","7",1.024,"TEST_141_160"
"6","7",1.03,"TEST_141_160"
"6","7",1.037,"TEST_141_160"
"6","7",1.012,"TEST_141_160"
"6","7",1.008,"TEST_141_160"
"6","7",1,"TEST_141_160"
"6","7",1.016,"TEST_141_160"
"6","7",1.043,"TEST_141_160"
"6","7",0.958,"TEST_141_160"
"6","7",0.962,"TEST_141_160"
"6","7",0.989,"TEST_141_160"
"6","7",1.102,"TEST_141_160"
"6","7",1.034,"TEST_141_160"
"6","7",1.006,"TEST_141_160"
"6","7",1.031,"TEST_141_160"
"1","8",0.98,"PRE"
"1","8",1.033,"PRE"
"1","8",1.017,"PRE"
"1","8",0.876,"PRE"
"1","8",1.058,"PRE"
"1","8",1.034,"PRE"
"1","8",1.025,"PRE"
"1","8",0.913,"PRE"
"1","8",0.988,"PRE"
"1","8",1.046,"PRE"
"1","8",0.993,"PRE"
"1","8",1.044,"PRE"
"1","8",0.974,"PRE"
"1","8",0.85,"PRE"
"1","8",1.218,"PRE"
"1","8",0.977,"PRE"
"1","8",1.098,"PRE"
"1","8",0.989,"PRE"
"1","8",1.071,"PRE"
"1","8",0.973,"PRE"
"1","8",1.117,"PRE"
"1","8",0.959,"PRE"
"1","8",0.951,"PRE"
"1","8",0.97,"PRE"
"1","8",0.927,"PRE"
"1","8",0.97,"PRE"
"1","8",0.896,"PRE"
"1","8",0.968,"PRE"
"1","8",0.965,"PRE"
"3","8",0.991,"TEST_81_100"
"3","8",0.983,"TEST_81_100"
"3","8",1.815,"TEST_81_100"
"3","8",0.984,"TEST_81_100"
"3","8",1.085,"TEST_81_100"
"3","8",0.97,"TEST_81_100"
"3","8",0.965,"TEST_81_100"
"3","8",1.041,"TEST_81_100"
"3","8",1.02,"TEST_81_100"
"3","8",1.182,"TEST_81_100"
"3","8",1.045,"TEST_81_100"
"3","8",0.997,"TEST_81_100"
"3","8",0.985,"TEST_81_100"
"3","8",0.952,"TEST_81_100"
"3","8",0.976,"TEST_81_100"
"3","8",0.758,"TEST_81_100"
"3","8",1.014,"TEST_81_100"
"3","8",0.997,"TEST_81_100"
"3","8",0.977,"TEST_81_100"
"3","8",0.842,"TEST_81_100"
"4","8",0.978,"TEST_101_120"
"4","8",0.988,"TEST_101_120"
"4","8",1.006,"TEST_101_120"
"4","8",0.961,"TEST_101_120"
"4","8",1.004,"TEST_101_120"
"4","8",1.038,"TEST_101_120"
"4","8",0.976,"TEST_101_120"
"4","8",1.009,"TEST_101_120"
"4","8",0.996,"TEST_101_120"
"4","8",0.979,"TEST_101_120"
"4","8",0.96,"TEST_101_120"
"4","8",0.99,"TEST_101_120"
"4","8",1.018,"TEST_101_120"
"4","8",1.084,"TEST_101_120"
"4","8",0.977,"TEST_101_120"
"4","8",1.019,"TEST_101_120"
"4","8",0.98,"TEST_101_120"
"4","8",0.994,"TEST_101_120"
"4","8",0.928,"TEST_101_120"
"4","8",0.954,"TEST_101_120"
"5","8",1.035,"TEST_121_140"
"5","8",1.006,"TEST_121_140"
"5","8",0.984,"TEST_121_140"
"5","8",1.022,"TEST_121_140"
"5","8",0.973,"TEST_121_140"
"5","8",0.995,"TEST_121_140"
"5","8",0.985,"TEST_121_140"
"5","8",0.975,"TEST_121_140"
"5","8",0.986,"TEST_121_140"
"5","8",0.984,"TEST_121_140"
"5","8",1.007,"TEST_121_140"
"5","8",1.17,"TEST_121_140"
"5","8",1.091,"TEST_121_140"
"5","8",0.95,"TEST_121_140"
"5","8",0.995,"TEST_121_140"
"5","8",0.979,"TEST_121_140"
"5","8",1.073,"TEST_121_140"
"5","8",1.148,"TEST_121_140"
"5","8",0.974,"TEST_121_140"
"5","8",1.031,"TEST_121_140"
"6","8",0.994,"TEST_141_160"
"6","8",1.034,"TEST_141_160"
"6","8",0.981,"TEST_141_160"
"6","8",0.95,"TEST_141_160"
"6","8",0.987,"TEST_141_160"
"6","8",1.04,"TEST_141_160"
"6","8",0.986,"TEST_141_160"
"6","8",0.993,"TEST_141_160"
"6","8",0.997,"TEST_141_160"
"6","8",0.868,"TEST_141_160"
"6","8",0.984,"TEST_141_160"
"6","8",1.005,"TEST_141_160"
"6","8",0.998,"TEST_141_160"
"6","8",1.001,"TEST_141_160"
"6","8",1.069,"TEST_141_160"
"6","8",1.036,"TEST_141_160"
"6","8",1.004,"TEST_141_160"
"6","8",0.971,"TEST_141_160"
"1","9",0.88,"PRE"
"1","9",1.179,"PRE"
"1","9",1.153,"PRE"
"1","9",0.994,"PRE"
"1","9",1.047,"PRE"
"1","9",1,"PRE"
"1","9",1.02,"PRE"
"1","9",1.056,"PRE"
"1","9",1.02,"PRE"
"1","9",0.961,"PRE"
"1","9",0.94,"PRE"
"1","9",1.087,"PRE"
"1","9",1.072,"PRE"
"1","9",1.026,"PRE"
"1","9",0.995,"PRE"
"1","9",1.058,"PRE"
"1","9",0.993,"PRE"
"1","9",1.034,"PRE"
"1","9",1.014,"PRE"
"1","9",0.928,"PRE"
"1","9",1.089,"PRE"
"1","9",0.97,"PRE"
"1","9",0.911,"PRE"
"1","9",0.972,"PRE"
"1","9",0.944,"PRE"
"1","9",1.019,"PRE"
"1","9",1.109,"PRE"
"1","9",0.995,"PRE"
"1","9",1.092,"PRE"
"3","9",0.751,"TEST_81_100"
"3","9",0.596,"TEST_81_100"
"3","9",0.965,"TEST_81_100"
"3","9",0.962,"TEST_81_100"
"3","9",0.656,"TEST_81_100"
"3","9",0.864,"TEST_81_100"
"3","9",0.868,"TEST_81_100"
"3","9",0.984,"TEST_81_100"
"3","9",0.829,"TEST_81_100"
"3","9",0.911,"TEST_81_100"
"3","9",0.976,"TEST_81_100"
"3","9",0.922,"TEST_81_100"
"3","9",0.972,"TEST_81_100"
"3","9",1.014,"TEST_81_100"
"3","9",1.005,"TEST_81_100"
"3","9",0.944,"TEST_81_100"
"3","9",0.934,"TEST_81_100"
"3","9",1.057,"TEST_81_100"
"3","9",1.067,"TEST_81_100"
"4","9",0.74,"TEST_101_120"
"4","9",0.969,"TEST_101_120"
"4","9",0.998,"TEST_101_120"
"4","9",1.075,"TEST_101_120"
"4","9",1.019,"TEST_101_120"
"4","9",0.924,"TEST_101_120"
"4","9",1.14,"TEST_101_120"
"4","9",0.973,"TEST_101_120"
"4","9",1.044,"TEST_101_120"
"4","9",1.096,"TEST_101_120"
"4","9",0.926,"TEST_101_120"
"4","9",0.989,"TEST_101_120"
"4","9",0.954,"TEST_101_120"
"4","9",0.934,"TEST_101_120"
"4","9",0.905,"TEST_101_120"
"4","9",1.11,"TEST_101_120"
"4","9",0.845,"TEST_101_120"
"4","9",0.93,"TEST_101_120"
"4","9",1.028,"TEST_101_120"
"5","9",0.967,"TEST_121_140"
"5","9",0.996,"TEST_121_140"
"5","9",0.98,"TEST_121_140"
"5","9",0.988,"TEST_121_140"
"5","9",0.908,"TEST_121_140"
"5","9",1.045,"TEST_121_140"
"5","9",0.995,"TEST_121_140"
"5","9",0.918,"TEST_121_140"
"5","9",0.959,"TEST_121_140"
"5","9",0.984,"TEST_121_140"
"5","9",0.995,"TEST_121_140"
"5","9",0.97,"TEST_121_140"
"5","9",0.994,"TEST_121_140"
"5","9",0.895,"TEST_121_140"
"5","9",1.028,"TEST_121_140"
"5","9",1.054,"TEST_121_140"
"5","9",0.974,"TEST_121_140"
"5","9",0.921,"TEST_121_140"
"6","9",1,"TEST_141_160"
"6","9",0.965,"TEST_141_160"
"6","9",0.692,"TEST_141_160"
"6","9",0.931,"TEST_141_160"
"6","9",0.881,"TEST_141_160"
"6","9",1.158,"TEST_141_160"
"6","9",0.939,"TEST_141_160"
"6","9",1.01,"TEST_141_160"
"6","9",0.799,"TEST_141_160"
"6","9",0.993,"TEST_141_160"
"6","9",1.254,"TEST_141_160"
"6","9",0.89,"TEST_141_160"
"6","9",0.993,"TEST_141_160"
"6","9",1.094,"TEST_141_160"
"6","9",0.774,"TEST_141_160"
