Trial,TimeBin_001,TimeBin_002,TimeBin_003,TimeBin_004,TimeBin_005,TimeBin_006,TimeBin_007,TimeBin_008,TimeBin_009,TimeBin_010,TimeBin_011,TimeBin_012,TimeBin_013,TimeBin_014,TimeBin_015,TimeBin_016,TimeBin_017,TimeBin_018,TimeBin_019,TimeBin_020,TimeBin_021,TimeBin_022,TimeBin_023,TimeBin_024,TimeBin_025,TimeBin_026,TimeBin_027,TimeBin_028,TimeBin_029,TimeBin_030,TimeBin_031,TimeBin_032,TimeBin_033,TimeBin_034,TimeBin_035,TimeBin_036,TimeBin_037,TimeBin_038,TimeBin_039,TimeBin_040,TimeBin_041,TimeBin_042,TimeBin_043,TimeBin_044,TimeBin_045,TimeBin_046,TimeBin_047,TimeBin_048,TimeBin_049,TimeBin_050,TimeBin_051,TimeBin_052,TimeBin_053,TimeBin_054,TimeBin_055,TimeBin_056,TimeBin_057,TimeBin_058,TimeBin_059,TimeBin_060
11,-0.298742476436884,-0.217938675818487,-0.237503692497002,-0.175982070101705,-0.165665506733797,-0.219960915192252,-0.242383534994572,-0.347964301948128,-0.44361773130321,-0.52490228126826,-0.533727928880393,-0.372366907795506,-0.35205453611184,-0.229578309358339,-0.0739067175092365,-0.076396021698306,-0.0379075924782854,0.150028679140777,0.190010279645244,0.295837101814263,0.421017612157613,0.438756032948581,0.530753070989779,0.548806311045146,0.591550565832312,0.579204437462271,0.441959077713305,0.373961931166957,0.176255850272481,0.115096938456884,0.0208763155536085,-0.0166821434721351,0.0316760091601399,0.0566821817325807,0.0596249137653019,0.0913564566274254,0.0540422609362753,-0.0291241643915065,-0.118016282755025,-0.115967767090571,-0.138016907421176,-0.1435775313391,-0.0486951045577453,0.00952527375937071,0.0231979031882825,-0.0556518830460889,-0.0232436615197656,0.00732618859082812,0.00499185646760433,-0.0377239707195154,0.00468987963327878,-0.0709949714762244,-0.277008701751568,-0.322669120656209,-0.394411203957302,-0.43238202176658,-0.409466792959977,-0.344267034669852,-0.185277413831411,-0.136280329114189
12,-0.142397690382626,-0.113103493316745,-0.137378807898123,-0.0776064373978546,-0.0910097969597568,-0.15195818499649,-0.183619896396835,-0.271968920807705,-0.339375270301698,-0.386746710201341,-0.387394283718398,-0.247231732242686,-0.248571073664163,-0.15115060760293,-0.035583673337838,-0.0715727966257269,-0.046637558684155,0.0916326151497057,0.184400507257587,0.304066015739325,0.462929042778172,0.56692899581372,0.642105564500404,0.652634492421699,0.664385082203677,0.599618517183786,0.494954673307165,0.456671967606505,0.306227670121619,0.202720276571771,0.174976033843154,0.145672427365349,0.177834274096001,0.134834692115939,0.141549006377878,0.140944477476296,0.0700192840411748,-0.0973850792335025,-0.163357220447209,-0.183832304736672,-0.155741528541069,-0.157807596060087,-0.0358967470463083,0.0464602802509557,0.0711695692221059,0.0589288088546654,0.0600113637991524,0.0163501961684668,-0.0329330988080627,-0.104177241095937,-0.096967806546081,-0.143631806606742,-0.304240596345494,-0.304538689574001,-0.360943816108763,-0.41596918659172,-0.393001322886036,-0.332056312231341,-0.197686978426317,-0.153437733992945
13,-0.0937061172956648,-0.00148002409067185,-0.0248005567578006,-0.0246436084163023,-0.103646804335626,-0.13867645822601,-0.252124725835703,-0.377302355118689,-0.402957157428718,-0.391274287365009,-0.341034570587603,-0.183300586968755,-0.12435401582901,-0.0354586995788445,0.0903266797281637,0.0883169846080861,0.0849420231593018,0.222830574477663,0.352426403321314,0.513489983546908,0.618273610390535,0.772176057232911,0.793838968225766,0.71913122067027,0.675338716607775,0.587497925548018,0.488099335536263,0.444082250755318,0.335700222572403,0.258737531170037,0.264569527811761,0.222726051001619,0.251172261123902,0.247365755243834,0.26099179913851,0.166322211208852,0.0868937763058374,-0.0820663555699231,-0.171444495533236,-0.241518683466085,-0.193796219737956,-0.151016293633232,-0.00288787282660793,0.0422410334641576,0.114654239752131,0.0880669564900663,0.0697544628418709,0.0213483471044768,-0.102661065326503,-0.174676528539449,-0.204075168816787,-0.245477122588005,-0.31538012849271,-0.26115957317087,-0.269463700019368,-0.281956205019683,-0.326747472434999,-0.234923279844525,-0.0893037948063427,-0.0865307219901572
14,-0.107332516999959,-0.0444118902764175,-0.0596308582929425,-0.0333674052282252,-0.0773421901120394,-0.118800064872876,-0.154591332487618,-0.249244435593355,-0.295163578912214,-0.248849766332929,-0.201439270607884,-0.0724670245873334,0.0164057579327323,0.0458145036148256,0.097566903121522,0.13209446468196,0.179936807177471,0.274235071750613,0.394864672675894,0.507227437203649,0.611915143056593,0.764529629272153,0.798232010295946,0.726279735428758,0.700689003842851,0.590578592519251,0.508592577036898,0.448426870889779,0.40012213095537,0.389421953377579,0.463235621533279,0.43066379847839,0.402615462573401,0.318689796735005,0.294911177339354,0.220581264015536,0.165001350470712,-0.0465803084387259,-0.0749851920999708,-0.125418665355377,-0.136015522934795,-0.0896564263162563,0.0351025287340134,0.0576094755118821,0.110139727929006,0.170606236562796,0.119383191197586,0.0655243048733525,-0.0403872183265533,-0.132000946042895,-0.237617817591547,-0.252666894816897,-0.250417589722084,-0.185464528718398,-0.218323361588579,-0.264330947031394,-0.296514919614625,-0.266578306540326,-0.226465000465085,-0.207290895449964
15,-0.256494336480034,-0.126270396970984,-0.161990001256297,-0.196777298955371,-0.234766143858581,-0.233355959509651,-0.252496024141008,-0.356089791907016,-0.427232012596274,-0.413739777751817,-0.422467875124424,-0.305180371173777,-0.130685809454191,-0.0481259736134208,0.0332009397659723,0.152085060170321,0.282265348055079,0.406100173126422,0.47006273341278,0.566247692903426,0.587306982261102,0.68475705800752,0.680368484471181,0.641104500440458,0.619304381109512,0.552627459202622,0.502299562681737,0.392635890998911,0.265831572538884,0.358602213310648,0.421150308504369,0.370221212837496,0.278600401698791,0.240014947730173,0.171262222120597,0.141657437414058,0.105427730834351,-0.00879424362082538,-0.0558718428657198,-0.0482019260223705,-0.0559530498891426,-0.0283335252536201,0.0349718897909177,0.0301787638481483,0.053570230485383,0.0861767958818824,-0.0291213563430366,-0.0288379659469175,-0.0894253812598502,-0.101223809121538,-0.127974384111006,-0.148727847179675,-0.172590885453966,-0.196310583620895,-0.222451884559332,-0.227308075933917,-0.28270483855903,-0.242397843217859,-0.281600075852422,-0.244106793776842
16,-0.351430009296857,-0.309977603036307,-0.341381218686593,-0.392872969766016,-0.357502173152351,-0.379444777377878,-0.341435029164043,-0.368114472112219,-0.386097670194282,-0.370311026531478,-0.405916019743568,-0.295098058001446,-0.155435740423618,-0.121621613621739,0.0113432357555245,0.0872284690256824,0.227630631611927,0.343835268982276,0.400736947522846,0.455595629498464,0.517987617527707,0.599971431671122,0.63268717687501,0.644960198165643,0.570268233035468,0.522134908957771,0.561721437481331,0.492306280397902,0.320549277360105,0.392439367096117,0.438466284556194,0.449093452881204,0.311196272001026,0.236893685025596,0.161638546363692,0.128036895357326,-0.00324958095493696,-0.0771297388075734,-0.112027162010058,-0.0102270001923699,-0.0379335189634493,-0.00070815985913758,-0.0148404859915007,-0.00663211508458137,0.0156924682895413,0.0487889047658578,-0.0269584522124855,-0.0630105386720852,-0.100881659909618,-0.130922365235606,-0.150742864059733,-0.167426306058278,-0.241141378875438,-0.22214108834153,-0.283618644359615,-0.375787476260701,-0.371944318121493,-0.373125289948678,-0.396346786872154,-0.330271999891534
17,-0.288497731210236,-0.288189334725533,-0.326564183049257,-0.424680919465212,-0.393311708508925,-0.416867502448238,-0.404209251230596,-0.410704551701662,-0.370584530260188,-0.307237015729698,-0.307333750609741,-0.228182565356216,-0.126531186954198,-0.0838338607025481,-0.00306985126647439,0.063360709900835,0.219904254304828,0.316277996171951,0.380142378172711,0.392807290814885,0.384579194642701,0.450314420583087,0.457294783686247,0.506279488768778,0.388868453532986,0.421188852369913,0.511204501994976,0.451135948954184,0.321667207700861,0.371236896751857,0.355855017548666,0.330791759542435,0.18344128177058,0.134830873398014,0.0852289549423551,-0.048445603587616,-0.165299247266399,-0.161174118753297,-0.22328021893211,-0.136911591935768,-0.127701216034464,-0.0975225382330318,-0.153846748919398,-0.102211673779323,-0.119271941525011,-0.0858055749191442,-0.161340485116425,-0.210685819992834,-0.183218797475967,-0.246252493987897,-0.188872212287592,-0.193685798656936,-0.235002375218504,-0.276119798174949,-0.286459355523801,-0.326977913396701,-0.284095617614311,-0.306849410069841,-0.308875732286117,-0.302258809567552
18,-0.251329151688136,-0.264248189969651,-0.219886535486031,-0.267824728827777,-0.258198858912658,-0.314997543811564,-0.33138228581012,-0.333495673637897,-0.293939279597544,-0.287845360724829,-0.179864302848465,-0.113216652388695,-0.0730636045535833,-0.0457677362116849,0.016101374430429,0.0828645572707487,0.203986818174281,0.337869357474302,0.414107674510737,0.390430090476972,0.434287213428721,0.519699355324371,0.576401246441179,0.603630925826357,0.378503225141672,0.376727444922829,0.442271995996828,0.411484232095148,0.355474208430821,0.303399114076753,0.224692552489743,0.239166522322921,0.188290330276057,0.150063189548774,0.101730323776254,-0.0372256817181343,-0.169460172808823,-0.12733904446187,-0.131939393732926,-0.0794571485670532,-0.142669308744394,-0.177793097100893,-0.209076831535699,-0.217146651407693,-0.157482061825591,-0.114388391896427,-0.10994127222656,-0.166244359889818,-0.116664626706724,-0.162636063648537,-0.190288569295389,-0.259459850735281,-0.310803269423721,-0.301858918985233,-0.275833017067897,-0.285152948815202,-0.241999623677858,-0.27290870438395,-0.204302141992232,-0.223915197912326
19,-0.294357455675896,-0.275189148118643,-0.191990113744897,-0.168512891982948,-0.174820260334429,-0.178835035217476,-0.214577520368705,-0.220532745879561,-0.217393670930941,-0.23140525827982,-0.13526545724529,-0.0766281585721734,-0.038238252457633,0.0844631247471507,0.0539784921280255,0.146077350749494,0.296555267382418,0.396732942694545,0.492871889210032,0.511258325773329,0.507872005187892,0.608666515653459,0.685014521168374,0.748554696995188,0.588362282472043,0.532179260081262,0.491346913798677,0.415923336770817,0.363788662433317,0.264166619392407,0.198824119022264,0.154817256936579,0.0910525599840601,0.0278992589155141,-0.0232166705914114,-0.0551285947871222,-0.0875751928162357,-0.118114167380997,-0.113920089220069,-0.103914164636725,-0.165346350172949,-0.172168580626056,-0.125177984961428,-0.130319805931169,-0.0810569895625194,-0.0614788851726807,-0.131887672270501,-0.160881565395666,-0.0824786940525286,-0.115097176713434,-0.107661554171892,-0.132450857153015,-0.172371460290394,-0.224055292731517,-0.17615889148878,-0.100920792605478,-0.107846333699355,-0.134032927527566,-0.101015075596161,-0.143742062247308
20,-0.29468703056045,-0.204038901849247,-0.0811760372425398,-0.0596439988174724,-0.0487601915502439,-0.07712017303471,-0.152356587781069,-0.188840326761168,-0.291104315379404,-0.409213204433425,-0.377954916234373,-0.296771680767069,-0.310229161203815,-0.156332109965266,-0.0817706600463633,0.0686354292570247,0.192053198614788,0.29825563905884,0.452962613040683,0.535640279113166,0.605666977281879,0.695591543785227,0.730076607504066,0.743478817892862,0.560998740957623,0.485411186865864,0.46819027684808,0.37419425918145,0.234052586407783,0.0800498860556594,0.0419092273065113,0.0164336225847635,-0.0117477600557051,-0.0174549006274405,-0.0745120167127535,-0.0450464205355156,-0.058238439642514,-0.112716498881955,-0.108425183736493,-0.121315357373843,-0.173392166081186,-0.233243808604206,-0.191626468367772,-0.278233185833735,-0.180081352540423,-0.125916716095883,-0.180306303003664,-0.250432546553952,-0.161908442878203,-0.114748771412153,-0.134821314888918,-0.158258624651192,-0.219859532753616,-0.202491283526509,-0.110479004831287,-0.0719418173146102,-0.182321287769319,-0.180617463449369,-0.182716329725096,-0.205371876091458
21,-0.280617881874084,-0.175765679260386,-0.127686200175225,-0.15119747026198,-0.17205227753328,-0.245219087940346,-0.28853094343041,-0.251238057282155,-0.357510373767538,-0.368196041682455,-0.406445223476434,-0.299205597912713,-0.284035947951361,-0.156884694440326,-0.053774506668081,0.0944854011678395,0.182934736277691,0.232371557260001,0.374196644991451,0.478780015100821,0.555366607854012,0.641983607317129,0.688563361142428,0.713697053134257,0.612207970768142,0.579643350989043,0.485189459731995,0.349154295940991,0.207525170086263,0.0447748918513446,0.0591787067450836,0.0111066256917216,-0.0767998322479835,-0.100197929466515,-0.0931250143526608,-0.0901611914217384,-0.0754098082313818,-0.174903393188376,-0.211590184998828,-0.275052566581888,-0.318894381202451,-0.256605358263742,-0.178884983154356,-0.173421997328348,-0.11264126670207,-0.0941213462484919,-0.141836729864779,-0.183850466806427,-0.147100162882475,-0.154124827786254,-0.119118570310758,-0.0755639663279891,-0.106771743182186,-0.0939324176138928,-0.0241820018047813,-0.0457293039798194,-0.167795763064578,-0.19902283382609,-0.208366807511748,-0.212337971803056
22,-0.161030093660243,-0.0783595691529331,-0.0850141588401668,-0.105838321107927,-0.141929390318217,-0.229725671670082,-0.273765316274586,-0.278294306510789,-0.339175016090482,-0.360655369228638,-0.339511314648469,-0.262260830669288,-0.221335166036526,-0.154239114000076,0.00681016217728912,0.130211122652492,0.203159077034077,0.262368985317452,0.362049532425817,0.469041169382024,0.569150484133975,0.668377429524622,0.731541713822254,0.700805370438999,0.677709148450873,0.560032429135006,0.434753807087383,0.324054536183187,0.201835121886988,0.0315756108961611,0.0305134730816123,-0.0121366784918955,-0.0409314650330279,-0.0143554867033845,0.0250223686207271,-0.0279059709322661,-0.0428302944846486,-0.0901750469539728,-0.101769519878373,-0.150376051252877,-0.192222648870498,-0.185462630152043,-0.196447453846796,-0.210489016095258,-0.1677356799454,-0.106827244307821,-0.136629859723018,-0.14254738907462,-0.105714843920751,-0.0847381003804545,-0.0409059596552514,-0.046981259048024,-0.123108856212835,-0.158501034813143,-0.174459650113879,-0.19698665297939,-0.262832236235373,-0.268119254098142,-0.270571138648018,-0.19808823034428
23,-0.0335949153748257,-0.0492940126788838,-0.0942784997468418,-0.10101543514901,-0.193892866557398,-0.235699585305412,-0.268366427477082,-0.262735604817375,-0.312523884877877,-0.319790273623623,-0.24436818572785,-0.21714196702236,-0.134757762409949,-0.057959098153255,0.0809742006511488,0.205877128005714,0.319472084059223,0.36622014195587,0.394706451157553,0.454636419259069,0.565411329496413,0.677732771025903,0.757906736536952,0.788576754596696,0.7786681455328,0.600468405331842,0.419570101085939,0.315463634110049,0.199687269021162,0.0710846847744929,0.0815285922834481,0.103126241368909,0.0818990327876005,0.0552924468491835,0.0955662319912191,0.0283754159789832,-0.0156865520794409,-0.0744011973331532,-0.148197713937292,-0.20801961813209,-0.189008394861129,-0.194647296264972,-0.174554099153767,-0.109900880529516,-0.0421101373567111,-0.00911523910622791,-0.0165456096609444,-0.000727495864371717,-0.00116267186851399,0.00111835326842038,0.019767452454582,-0.0269682393555166,-0.0644811401066985,-0.129786173764189,-0.220065694721635,-0.201811661515714,-0.236628968871284,-0.220209093341917,-0.144167938146273,-0.0976024116786568
24,-0.00923879694348954,-0.113093416948881,-0.170524875852256,-0.11899788974698,-0.114945408151263,-0.0908547323260272,-0.118653397638296,-0.219788474041689,-0.211955111973798,-0.279277115935101,-0.239802974071718,-0.209784815580063,-0.125229570870818,-0.057495963068924,0.0901495940448878,0.176489225227653,0.250413508433531,0.27846319233406,0.371777222045218,0.427180184492032,0.549648563524922,0.654335918109932,0.735730714487821,0.734787776486725,0.727154631102547,0.528891259055094,0.427385877217106,0.367995932998681,0.24434079719847,0.150634727209545,0.129025115805082,0.148852057811695,0.141797353978433,0.127018115587517,0.128763244001738,0.066933732000609,0.0357565274419469,-0.0237901705568049,-0.123660538639876,-0.0967201324363498,-0.0806554120128503,-0.130161839304683,-0.184899478176624,-0.134367235827396,-0.0314907310641715,0.0126729814171656,0.0131583427455959,-0.0404609049547665,-0.0292486962190985,-0.0891757992911695,-0.110722418668144,-0.0973843218462325,-0.163281783629893,-0.252114629915866,-0.285250169131325,-0.247125896472308,-0.217152020878742,-0.158793921105779,-0.0454496554305074,-0.0230461748620903
25,-0.0488144835176745,-0.103379008854866,-0.191373130846414,-0.187312189956891,-0.210457364700673,-0.183131196631962,-0.203208743442384,-0.269865124522255,-0.296301848344301,-0.355862316266532,-0.357784022528294,-0.343072282039089,-0.280419741828946,-0.137497238297032,0.00184136392964515,0.12830837670211,0.17524771417663,0.276495393731691,0.340276997096761,0.390840448958527,0.552289558309615,0.639871467110839,0.742180272321593,0.716852233319464,0.633132177092307,0.526001849864257,0.468381419016117,0.381716523842813,0.276784003492717,0.234732549501255,0.179168511810871,0.208663980256139,0.179397335242912,0.117151411582224,0.105647711142237,0.00379042660862472,-0.0654468570205451,-0.165203452699145,-0.276837948560262,-0.262038596758098,-0.210137589360204,-0.246903622558954,-0.213523991609109,-0.138269445113671,-0.00929966300383675,0.00544960093089738,0.00166049223763867,-0.0151290294474366,-0.0120081773802532,-0.0891928174271198,-0.153826337291534,-0.084964752419343,-0.0871567522745537,-0.145155012050318,-0.128809762591879,-0.146289872287578,-0.139171713537722,-0.121615822473235,-0.0460812870337342,-0.0994971628844512
26,-0.128085578586169,-0.091104493573012,-0.150999444513482,-0.125321379297871,-0.123108410312184,-0.197385376183704,-0.27617632702932,-0.347159656275727,-0.367964661090345,-0.396793228536447,-0.432750939651269,-0.350248034598799,-0.247733617459139,-0.102251752419994,0.0527911643350583,0.126083262158562,0.153753478198268,0.250545149457926,0.325657279585502,0.37686156299144,0.445687936500394,0.545527646860642,0.677459153534226,0.621525533423055,0.575378481734807,0.527788207426761,0.430287302601807,0.353153348134499,0.298859984064716,0.254858036509331,0.147869693639614,0.107335198576609,0.0424659429094631,-0.00872278269880098,-0.0137679881955087,-0.110007297501547,-0.180465881912894,-0.229747761757556,-0.212496916941876,-0.201617422699634,-0.166752182022823,-0.16811727943975,-0.154392425283974,-0.0719966108809423,0.0275633006950908,0.0235671276047513,0.0257825803255195,0.0230712772202574,-0.0253883493509747,-0.0971918827195771,-0.11198874243091,0.00999922202352986,-0.0509723871907257,-0.102681389517915,-0.0891623923336995,-0.0757162028058331,-0.02255153171561,-0.0662920268150145,-0.0728074972637574,-0.143547337325358
27,-0.215739528888684,-0.14226798549185,-0.155556253816424,-0.131322305940082,-0.169457428952219,-0.227370209758269,-0.282094289514918,-0.255304248168676,-0.364631756591954,-0.362295168694239,-0.357415470992413,-0.348825274913886,-0.290424889045082,-0.115346802468868,-0.00754620279706588,0.0813765859075643,0.19069234085449,0.294490292475124,0.332306733649751,0.423346394432783,0.455727511923581,0.535496295074664,0.65976720264952,0.626280889794605,0.647211129885917,0.555621778076115,0.377785526130199,0.314831667190868,0.249858256664718,0.231416553301457,0.17777653417334,0.144128192528061,0.103113880921834,0.0501816247116611,0.0467916835060373,-0.105223269337011,-0.180246093488762,-0.219138168429824,-0.188855803209406,-0.234267807111826,-0.19382323690239,-0.187299822096101,-0.152549376993309,-0.129849407404108,-0.0918708679802978,-0.0800598372286761,-0.0716757439887647,-0.0459574225444962,-0.0764481842873139,-0.151539545061907,-0.130931387502769,-0.0353918618718344,-0.0259881477399138,-0.047078262607973,-0.0673690806205699,-0.0433600444525356,-0.0561240585159736,-0.144299247410609,-0.190098880179179,-0.219802741569858
28,-0.233110084100616,-0.146087183556604,-0.13338936504765,-0.0916262039553044,-0.119079491578075,-0.174642591125885,-0.197164044968349,-0.156522924028616,-0.250534181416854,-0.232518202285143,-0.253260218271522,-0.238115231199839,-0.165767291403444,-0.0507762899916079,0.026302746741637,0.0753878317145417,0.178784033461135,0.23066387995445,0.306733353072703,0.380938847895427,0.371849710003164,0.41659523880941,0.474811130371095,0.453508064174624,0.495727821775219,0.389008525875921,0.212634005793249,0.178181061986171,0.117855085127095,0.0422599585086631,-0.00448356380628581,-0.0356180960533905,-0.0254564203549648,-0.0293898448249527,-0.0843299081730764,-0.159518405911164,-0.198001569360552,-0.169694614690244,-0.120111417099081,-0.179877197722797,-0.165982814994486,-0.141224390237015,-0.117955131538521,-0.0621382963693019,-0.0571115950571141,-0.0642128508085633,-0.078610291354579,-0.128243303860602,-0.167980365684946,-0.216085447822385,-0.209803921978625,-0.139552010487875,-0.12191966043485,-0.135417864435943,-0.10938232911658,-0.0121876720778151,-0.0435720264849248,-0.0829948522750504,-0.0921780670315863,-0.125205821777838
29,-0.338444598970662,-0.245567069264368,-0.275921443091734,-0.180477865983037,-0.141258089162483,-0.129447945343115,-0.144615199796813,-0.155593899635629,-0.217177314015691,-0.212796963487292,-0.18733727647213,-0.193221889910637,-0.145993442037795,-0.0904584906529036,-0.0616472586980774,0.000624926278624876,0.0976343270623484,0.14351270895665,0.228902724801125,0.318389514200797,0.360370482383906,0.379506392642711,0.446198527819121,0.442351116589428,0.497437555694944,0.401414173137543,0.222054367802127,0.242838849824023,0.190632107699518,0.122858130218966,0.0984131175308909,0.036713998915343,0.0683475485759541,0.0747528394603896,-0.0301983417649324,-0.121586451021062,-0.122572168300266,-0.107901815520394,-0.0864181874437432,-0.107046023906248,-0.132934274377019,-0.13086296116768,-0.0354198249222739,-0.027452845110162,-0.0761176068321395,-0.12323351773313,-0.131307077778763,-0.160267216519276,-0.137716342918875,-0.1754659662991,-0.176183166613154,-0.145444372830417,-0.145178682098036,-0.189136983903289,-0.137162574438191,-0.0575133038871453,-0.123533854327791,-0.0963347905858289,-0.0916049506804305,-0.0616296883318261
30,-0.36694597155407,-0.26625400658401,-0.308273237004954,-0.237561089860554,-0.19184900456271,-0.224349332338066,-0.225084518562841,-0.268947206306759,-0.29599150196636,-0.256934727986757,-0.19034291317584,-0.127254139867647,-0.0490908584411817,-0.0360482332152938,-0.00971020824068507,0.0530844719997431,0.145430758700644,0.239394746261147,0.299221538784186,0.284595599829177,0.256325018422841,0.269314480212242,0.28141028537339,0.244672282875954,0.261955981372308,0.198626831739882,0.0835752569824167,0.137193123865769,0.121781754864434,0.07601394923791,0.0377515138649315,0.0531820194854672,0.0645772560993235,0.0879510488937711,-0.0323002388529563,-0.081943588740995,-0.100702395672702,-0.112220905114873,-0.132760393466594,-0.156994979298371,-0.199153006617186,-0.180172913091309,-0.0734372061402809,-0.0752982355189515,-0.0790174789361712,-0.0898910742050618,-0.0834119886603109,-0.0968173404149857,-0.10102826779947,-0.0914237210062058,-0.126796863987272,-0.153546613874803,-0.177699807033428,-0.207529052813654,-0.242256842207936,-0.172102477854334,-0.221910104398173,-0.162656144923908,-0.174010741639415,-0.15842183984828
31,-0.412922732128916,-0.403031975307251,-0.383620024243823,-0.259259395221528,-0.188490462893491,-0.224210677845806,-0.2941843511874,-0.369228536321869,-0.38231820882407,-0.313244390926105,-0.231542935306153,-0.140574173793399,-0.128677314331048,-0.122859061386997,-0.0797539683592104,0.0322653120372102,0.169622481641322,0.266957057494633,0.353958091382179,0.356289158061142,0.353605969252565,0.333461026449481,0.363118499287009,0.308782640061008,0.317466269007241,0.265881835816711,0.197023486857333,0.259977944071299,0.233980822114158,0.189449603682226,0.115786906248722,0.10323638773348,0.0686358677099184,0.051025330026744,0.00812170655659688,-0.0720739932428885,-0.0632147306218751,-0.100904431247014,-0.11885029517219,-0.12603811372446,-0.136611394083145,-0.160696937717787,-0.0672574262026329,-0.0894748543173157,-0.0911816500473474,-0.040791883920206,0.00145550517120788,-0.00966388582366281,0.0133418278608652,0.0260860031220149,0.0121946063864789,-0.0544314337902877,-0.154235238500599,-0.190348095139615,-0.273907868284652,-0.286957031387644,-0.338101403583777,-0.249387728588424,-0.248485198124351,-0.180939130858079
32,-0.245315389036021,-0.247068830249884,-0.178094611393521,-0.1982339150172,-0.175300835757466,-0.268020952023052,-0.355267482217169,-0.357150484493484,-0.415030880245755,-0.32454068839253,-0.236899916578525,-0.141303429544567,-0.142822605746582,-0.15858332333772,-0.0390795133794764,0.115940790754146,0.279940677195075,0.316679415776786,0.40355585677491,0.30981977260785,0.352576329971716,0.438228283040849,0.431163697647406,0.339459882556826,0.340454009992822,0.29087905589915,0.263776397619614,0.248673996954515,0.18081087230994,0.115337217985763,0.0681298168128345,0.135837000348495,0.132520477975241,0.141675898841422,0.174630078348507,0.186832942713259,0.174362059255307,0.0469737934300661,-0.0493768796038858,-0.115685974487321,-0.134208801543431,-0.113144565868961,-0.079699371703673,-0.123143143042586,-0.0859254960673332,-0.0102667113739561,0.000820587448726873,-0.0450014968477647,-0.040372409829164,-0.00525617384588278,-0.00685789503649848,-0.0581320682805452,-0.133257872435525,-0.176531146663022,-0.223416281045136,-0.203381740306518,-0.238369842231272,-0.196062237151563,-0.238765796017379,-0.178136145983783
33,-0.216101026293617,-0.164637425472365,-0.138378809094349,-0.166507863938604,-0.136662120825989,-0.186512031616643,-0.290612028634637,-0.28305296526513,-0.300435809901991,-0.239037350908941,-0.180277923425228,-0.0965769169886002,-0.0954005979743652,-0.0932700720437723,0.0568993325141535,0.214445510963672,0.350299847098824,0.375236839507886,0.436047311378736,0.349269268094286,0.49094067935114,0.61311058095116,0.629489720791237,0.515812302181618,0.534660932749926,0.471139749719487,0.414811578528948,0.32029768723335,0.271274769304121,0.216760671884128,0.105338557010507,0.0846055725960112,0.0487827708159013,0.0123038824664756,0.0410629732114487,0.0873424996371407,0.0898028018787647,-0.0125189391305871,-0.0713866848590062,-0.116294573549819,-0.0529888122855693,-0.0201896010889652,0.00781468447380292,0.00372099510433036,0.01344625857605,0.0613898246838751,0.0558643841230247,-0.00978677525097844,0.0409785206470956,0.131183981139993,0.137860047565744,0.0316629581296018,-0.0733514497876222,-0.121298366409026,-0.16066040808626,-0.129660835451871,-0.158834441208775,-0.16063593858479,-0.197707164363974,-0.116503845800693
34,-0.199398278486391,-0.0764544177640478,-0.140114592998136,-0.172888800971637,-0.160774652713467,-0.255107875543211,-0.328367974777723,-0.294522732582816,-0.324587036128481,-0.324245517214145,-0.286307631209727,-0.175095965176484,-0.106656766116202,-0.0480888542071482,0.0916187773645427,0.230725924444025,0.299486115693056,0.301310749212582,0.294989178451846,0.224087096108779,0.33623078919018,0.500306128569529,0.532583057721446,0.518609978201875,0.552067219926021,0.497188652327195,0.446177312659201,0.341364910756959,0.278626309555166,0.251262856648508,0.185915803077083,0.140713726082964,0.105553839383123,0.0865378432606214,0.0808199455430288,0.125778615686966,0.114755814021099,0.0055904190625851,-0.0433637693424789,-0.0728148595548651,-0.0200736866151235,0.092049814809023,0.0652078887351901,0.0199768070135686,-0.0240232171948559,-0.0715800956506063,-0.0947376793461092,-0.1577561832899,-0.118383468525298,-0.0748019041566655,-0.0519655799734251,-0.106022856210695,-0.193984226563647,-0.197916749041747,-0.163670541375884,-0.113574112974533,-0.128521744369386,-0.126979629087692,-0.18456310916215,-0.105813808999518
35,-0.241217995478,-0.143998797798141,-0.229570481738112,-0.185819143314159,-0.127461560640572,-0.185604770891966,-0.103155464201287,-0.0893592908886372,-0.109783942736955,-0.120741801592427,-0.110366522711585,0.00732280574304108,0.0412752229718853,0.176158908461769,0.201061201917001,0.288106776387556,0.318903885410117,0.371161523219215,0.307181464255885,0.29324105745757,0.335847952843909,0.408740558047091,0.477713886006131,0.481382127334149,0.462651545553251,0.449226986448572,0.398398948597894,0.343233726703291,0.276347550537511,0.292527057403473,0.245143093445498,0.174539615397057,0.104299956969347,0.0415442645493401,-0.0359966924187332,-0.0465477453553429,-0.0713263914203287,-0.12203931289558,-0.111237118565217,-0.0865084448176307,-0.021179318211976,0.0631384776586005,-0.0253057841863112,-0.0807200739482222,-0.116454241676414,-0.12747914796122,-0.155956705912213,-0.220771481128319,-0.194283972254421,-0.167033923256985,-0.106362404646586,-0.101265222532062,-0.195576860322724,-0.132077764916315,-0.117151426774132,-0.12717787773831,-0.177734553644308,-0.147274349864525,-0.158068005068579,-0.0965874244725529
36,-0.14762801262581,-0.13553508937314,-0.159424715529511,-0.114006712149591,-0.106853728702223,-0.215768726431055,-0.116552442505,-0.18252297861558,-0.23231783605427,-0.204940867124195,-0.204176215662559,-0.115297493591875,-0.0910955610022094,0.0179056491996741,0.00626851016641098,0.090735421831194,0.152446605356658,0.248164774749607,0.261568921897077,0.365007325842502,0.392059272171224,0.419955559332505,0.48158143765011,0.523418708496223,0.474900723242559,0.491957454624712,0.446719581974859,0.427677297053231,0.312405268929304,0.31510659143279,0.215471701725499,0.120936415104759,0.0286330667920476,-0.0123874337495001,-0.0470828957960495,-0.0400631060558284,-0.0670749243734301,-0.0715397018735839,-0.0891068645823464,-0.0959405758191929,-0.0544256762421355,0.0186549644973367,-0.0553980151782025,-0.066877747082747,-0.147013494666543,-0.19782036066034,-0.273556152597161,-0.342133831893282,-0.280270110702797,-0.362800188296059,-0.33385963464784,-0.279758656824801,-0.266216451114885,-0.157679665718459,-0.0929697349172311,-0.0743016069720588,-0.0737558182401179,-0.0290914689261866,-0.0678472096041958,-0.100864728465475
37,-0.139063184884982,-0.135967446554122,-0.0117038837641039,-0.0154752015165638,-0.0233687553269687,-0.151562572483274,-0.0181269174528405,-0.179522884268125,-0.305088844105022,-0.225348815031592,-0.148764853345797,-0.125976274132856,-0.143559459265127,-0.121813320989008,-0.12068946835579,-0.0727623904101082,0.0120041111843688,0.109370781245929,0.17271081785842,0.27249402533155,0.29874589274671,0.326013396102485,0.399594499706259,0.382823192325426,0.295782017691049,0.360399535973873,0.239880829765068,0.248484130146097,0.129199953724048,0.117676176102335,0.0257030285926299,-0.0126627780636622,-0.0215767045290386,0.00333805071394801,-0.0214090780464259,-0.0618036092851696,-0.103055978185606,-0.124383353881893,-0.192497381693312,-0.220733074326855,-0.178155923114164,-0.159542106515224,-0.242398865569173,-0.248051985542757,-0.291669314744216,-0.263509561534667,-0.266441517332496,-0.314959843761467,-0.31771129327274,-0.363195472977967,-0.378543243144733,-0.337079473321528,-0.327602453850366,-0.333108339496756,-0.290014496784745,-0.27570119761335,-0.218076786486567,-0.232811454294609,-0.277771041923081,-0.336426240922288
38,-0.291429907675249,-0.304823364699476,-0.170879608819188,-0.149850484592467,-0.244128533332142,-0.348717036255248,-0.318948408061057,-0.466422703863449,-0.563753459800736,-0.516259219920047,-0.478028125012675,-0.436851514951967,-0.381482491195087,-0.376674111139558,-0.315255828302293,-0.267813155830586,-0.19660604541907,-0.0584305441601699,0.0551089568038709,0.208519175064997,0.242140113154576,0.251977922775035,0.286610094577302,0.302458567148207,0.236843321174025,0.265359529134167,0.152185462154764,0.155289779098342,0.10952537681112,0.107724369828412,-0.00350431044305351,-0.0473522134436772,-0.0646838764635525,-0.0365232745668095,-0.0961369643065866,-0.179889188848596,-0.226787849565288,-0.25479259358868,-0.323676779854669,-0.306211425109401,-0.310784543179916,-0.29459397659172,-0.269577614210203,-0.232801337739887,-0.256228830340831,-0.251552139630467,-0.210384121212193,-0.27454948622378,-0.271399884958847,-0.343953897177633,-0.399774364857368,-0.441224259515425,-0.36935984297518,-0.376641544633982,-0.352950509492297,-0.331009917258404,-0.217867494755823,-0.253115255068029,-0.351858375837306,-0.441945835411505
39,-0.446458445730796,-0.429911788018817,-0.314310100913164,-0.290434490708468,-0.347233682005294,-0.385974275074299,-0.440621708404908,-0.512555471160409,-0.571292343289576,-0.543015708992349,-0.474305530008086,-0.394733072527859,-0.342013354282089,-0.339186243503631,-0.29373617584838,-0.317896154357921,-0.320979762212238,-0.290940731691777,-0.193396438824916,-0.0284576142590072,0.0541060740229843,0.0847090730393674,0.149585191539559,0.229157824247957,0.195645292883559,0.2353317169455,0.133813033252306,0.146992931883615,0.105119377264092,0.098263940830869,0.0830465390504446,0.0721523013391708,0.0936049805060861,0.094872469483785,0.0334082261077846,-0.082175346785318,-0.136365693979856,-0.259993169670103,-0.314990609657263,-0.247527329443015,-0.324821931226538,-0.345751893329191,-0.335803571785944,-0.359459518351337,-0.347685807028886,-0.284215495605378,-0.181113190847703,-0.196654095831161,-0.244202981265927,-0.205472767471041,-0.228831135234514,-0.237499994807399,-0.228279983874518,-0.276146499429068,-0.284869260773069,-0.346862600173518,-0.250057637983432,-0.279844100219876,-0.375065797015449,-0.376462170697119
40,-0.502263483194172,-0.532972817161468,-0.51083287381667,-0.489882010036386,-0.545809673693602,-0.493820170437301,-0.582909068695457,-0.545276175614153,-0.517982488041527,-0.530957924335125,-0.52416830426704,-0.413427310829848,-0.322666253287355,-0.298214778723434,-0.268867523020833,-0.314436300632856,-0.341630844091263,-0.315779975007699,-0.199018811087897,-0.016940002699916,0.126989721060251,0.15800207072796,0.180419835778503,0.305721236913475,0.286648631655402,0.301055875446601,0.227136974355786,0.235633630893814,0.224943928279095,0.271329796112949,0.26442631473455,0.248634267095538,0.170844590499954,0.0748792107840672,-0.0235453157598531,-0.0979005548717412,-0.152600452323105,-0.279562580381546,-0.308498360803753,-0.200036045316894,-0.342406902375191,-0.369537879077096,-0.281330207314935,-0.305849050347625,-0.272614220463577,-0.207801002873647,-0.119082783516313,-0.1459103555015,-0.148067458280066,-0.0991941370616456,-0.0882344105050327,-0.127834869363049,-0.0578243712552206,-0.000519029014444942,-0.0536381139355248,-0.108765203275992,-0.0318359747006401,-0.0713445223796722,-0.188335270481649,-0.188914326945266
